"Longitude";"Latitude"
150,609127994;-34,168613743
150,933965599;-33,96149763
150,0218;-25,425
150,523535948;-34,726003144
138,72225;-34,80488
150,569218714;-34,8493177
138,60621;-35,54482
147,333333;-42,9
138,76585;-34,77795
167,35;-45,6
151,664116827;-32,854973746
149,0402;-25,8292
145,4344;-22,7856
173,75;-35,76666667
171,9166667;-41,75
172,732;-41,1955
138,496111;-34,971944
145,5667;-38,2667
172,8;-40,6667
123,0167;-33,8167
150,7566666;-23,1666666
146,429109073;-34,536701308
174,1166667;-39,3
150,49294;-35,270219
152,81172371;-31,392342619
144,8167;-37,8667
140,79294;-34,20133
144,3233;-19,69
173,25;-35,08333333
149,1676;-24,3159
167,5;-45,75
138,5861;-35,03868
151,43998861;-29,956745426
151,351647357;-33,169704379
152,252855398;-30,501644748
149,1038;-25,7311
146,2491;-22,0942
167,2;-45,5333
150,0568;-25,4625
150,1265;-25,4761
143,713244749;-34,498936992
151,734733414;-32,870049358
173,5;-42
144,2167;-36,9
143,5;-38,7667
147,529624458;-31,483357571
138,663333;-34,94
138,69409;-34,96887
143,8667;-35,7
145,0097;-20,1717
151,9632;-32,147
145,0597;-19,9111
151,618095207;-32,548973687
151,616805859;-32,855955306
148,7755;-25,7981
151,25;-25,5833333333
139,76406;-34,02936
173,569;-41,3103
152,585616;-27,295799
142,6;-37,3
151,364093969;-33,522926484
149,8018;-25,5678
169,3569444;-44,10888889
167,373;-45,4389
150,1167;-26,9167
174,0833333;-39,08333333
144,7436;-18,6672
149,125;-26,5916666667
153,371672831;-28,96119388
148,110906495;-30,031691211
150,101155767;-32,315097047
146,9667;-36,7333
145,3802;-22,1595
173,4666667;-35,65
150,2501;-25,7292
145,6694;-22,6103
151,527489485;-30,217856002
170,45;-45,75
153,371246013;-28,927799229
151,557181721;-33,214316508
170,55;-45,8167
123,8667;-33,6167
150,0282;-25,4589
150,94505371;-34,464349101
148,1833;-35,0167
147,3196;-35,7333333
148,7699;-25,7628
151,587617317;-32,68593506
149,1346;-24,2578
148,6702;-26,2186
149,0661;-25,7145
167,5833333;-45,38333333
172,7;-41,1833
150,848848466;-33,890840025
151,206790317;-33,939138289
138,25;-34,5
172,1166667;-41,25
150,85779929;-33,978228304
146,9718629;-35,999648
151,8332;-25,9095
172,267;-42,3833
150,962514297;-33,507961329
145,3838;-22,3053
149,819206946;-36,774054449
151,100983;-33,766228
170,517;-45,8833
169,4833333;-46,55
147,3245763;-31,363358899
146,7;-38,5667
151,423873096;-29,408967764
150,0596;-25,4456
148,8699;-26,237
150,609006214;-34,9124028
151,496393595;-30,634506572
153,560588898;-28,225523211
145,9122;-24,0589
147,1013;-25,3609
151,216989073;-33,936025955
152,85373823;-31,458365767
173;-35
153,1667;-28,9167
172,8166667;-41,83333333
173,2666667;-35,11666667
151,766412532;-32,630639392
151,9555;-32,1404
167,65;-45,86666667
140,52811;-34,43137
146,4833;-22,317
151,166667;-33,833333
169,4166667;-46,58333333
147,644804958;-31,374189862
151,748354529;-32,723919989
148,902333785;-32,552873689
146,907108;-38,20829
152,810654225;-31,43550466
138,516667;-34,933333
151,1368;-25,1181
167,75;-46
140,34365;-34,15918
170,428;-45,816
173,2205556;-35,11094444
151,266667;-33,883333
173,4;-35,1
149,363;-25,3547
150,887266427;-33,686798653
145,35;-37,8167
173,7;-35,23333333
145,9152;-23,5634
151,42609709;-29,623412174
151,6666666667;-30,5166666667
151,1379;-25,1389
151,399428146;-29,302301272
151,0833333333;-25,25
147,443;-24,8659
145,3566;-22,3014
151,752294126;-32,752101229
144,0191;-19,915
172,9166667;-40,75
153;-26,0999
145,0355;-18,4817
151,816;-25,6814
147,494968543;-31,301579174
142,335062;-37,876362
147,707223688;-31,669173231
145,5755;-19,9628
150,021;-25,4125
153,396598788;-28,93079583
173,100801;-35,172065
172,9166667;-34,91666667
151,766504376;-32,729412604
153,387187855;-28,966024143
143,6667;-38,75
150,84893;-25,674064
140,67501;-34,24464
139,604722;-34,568611
147,846336771;-31,523455275
172,6833333;-42
172,737;-40,8569
140,74121;-34,09042
151,501100157;-30,119245047
174,064167;-39,295833
150,3;-34,05
144,656944;-37,901667
153,126057087;-26,6900697321
146,657;-42,815
150,7167;-33,6
146,6;-38,4667
146,199636908;-31,649056447
148,153168846;-31,856253551
153,429521227;-29,078978354
138,43924;-35,39847
152,880053262;-31,45749096
150,928802;-34,033315
150,9167;-31,0667
151,834070454;-32,823298182
145,975150763;-34,231638457
169,267;-45,95
147,1902;-24,8581
151,2667;-33,8
150,679401826;-34,7705816
150,932439815;-29,914157153
150,938808655;-33,582576999
151,621278697;-32,933974021
150,935738186;-33,687673043
171,283;-42,3333
147,944899;-42,933831
144,932171922;-35,880067589
143,6547;-37,8316
138,516667;-35,049722
140,59461;-34,30901
143,823;-37,5469
152,5207549552;-26,5308465031
172,698;-40,9505
148,5694;-37,2986
150,667827651;-33,615094502
144,706;-36,8861
146,1041;-36,4841
141,4894;-37,928
150,68;-34,02
147,003;-36,0105
151,392185781;-33,476911774
150,0736;-31,2778
143,8661;-36,6863
145,0333;-37,8667
151,067824047;-33,865089896
144,915;-36,4402
146,4691;-38,215
145,0861;-37,6811
144,933801521;-35,824558428
151,558741909;-32,96203394
144,4502;-37,3239
147,8452778;-35,4211111
145,7;-37,7167
141,25;-36,7666
150,754677907;-33,866209096
141,0308;-34,088
149,110656968;-33,230383669
151,717802526;-32,665084135
145,4519;-38,0369
145,1388;-37,7416
147,412967284;-35,155045469
141,2333;-37,0333
142,475;-38,3877
145,3475;-37,1925
145,3394;-36,4977
144,5311;-37,9233
174,131298;-39,039331
147,0061;-36,5596
171,436752;-42,458389
146,6333;-38,7113
143,7191;-37,9094
145,1336;-37,9941
146,730251;-35,230325
147,9;-41,2
145,6333;-42,2167
147,4013;-38,1652
145,0991;-37,8897
173,056902;-35,172194
144,9813;-37,745
144,9747;-37,6527
145,0841;-37,6533
146,4775;-38,1708
146,25;-41,25
144,9566;-37,6958
142,3699;-36,6416
144,7316;-37,9238
143,8578;-36,4671
139,3167;-34,95
152,183136884;-28,915188554
150,459178411;-35,379390895
148,496831245;-33,640408567
152,943728696;-30,713386324
143,4208;-38,0152
138,6;-34,9167
148,8688;-37,3163
149,8;-35,65
146,6455;-36,1513
141,4166;-37,9166
145,5744722222;-17,2895555556
149,38;-29,23
171,798521;-42,088405
150,119986945;-32,085880762
143,848;-37,5769
150,138420696;-32,083332353
144,8405;-37,73
150,840808946;-34,433249779
145,0297;-37,7855
144,5222;-37,3511
151,6667;-31,5
150,880765871;-33,660240856
143,763;-35,4172
145,2153;-37,8819
145,2558;-38,0649
146,0769;-36,4891
151,424495144;-33,242422617
145,2238;-37,7161
170,183;-43,45
149,791270769;-30,116453921
146,193371;-41,426335
145,193;-37,8458
146,9667;-36,1
144,78;-37,7858
143,8881;-36,6074
145,1;-37,9966
145,0361;-37,7042
144,9369;-36,4497
144,9058;-37,6686
145,1055;-37,625
146,15;-18,65
141,7;-38,1
166,743;-46,083
143,8;-36,6
172,675;-40,7605
152,565089544;-28,885663746
144,785;-37,8013
151,9166666667;-28,9166666667
145,75;-28,0833333333
145,1427;-36,7702
151,0333615;-33,762720623
144,7986;-37,8011
145,2842;-37,8286
144,4;-37,3
144,8541;-37,65
150,851157432;-33,565092275
152,92;-30,57
173,429592;-35,116524
145,62;-38,07
144,655;-37,8683
151,535172081;-32,73302901
150,787764037;-34,464416144
151,1666666667;-30,5
170,854331;-42,973656
144,9833;-37,8333
146,0358;-36,4972
145,098;-37,72
146,7199;-38,1075
147,3984;-37,7853
172,717672;-41,60486
144,9658;-37,6155
144,07;-37,5533
143,4155;-35,1955
145,1138;-38,0072
144,8186;-37,6533
172,247;-42,1457
144,4;-37,1
148,27596;-34,648518
147,9167;-41,3167
147,0133;-38,0869
152,483708106;-32,100260268
144,904;-37,8382
148,7556;-37,2694
145,2044;-37,8869
143,8;-36,4
144,103;-36,4269
147,75;-35,9667
149,821699862;-36,480615362
152,221546276;-29,980335238
150,877108902;-33,941594916
151,504663973;-33,239728938
171,892352;-42,252031
146,25;-26,4166666667
145,5263;-37,6872
144,7116;-37,7519
149,25;-21,4166666667
147,1167;-33,1167
153,040624389;-29,073775141
152,5833333333;-27,4166666667
144,7188;-37,8597
143,470211111;-34,936891667
144,9094;-37,6563
142,3;-36,6
146,5438;-38,2211
146,7;-38,1
147,510983857;-30,685357287
147;-36,5
149,423969904;-35,380237681
151,492705004;-33,164633613
143,9038;-37,5452
146,7402;-38,158
152,75;-28,0833333333
144,1;-36,4
150,404698822;-31,539457369
149,92;-37,07
144,928;-37,7138
146,55;-36,15
146,7777;-37,9858
150,566667;-31,558333
151,2167;-33,8833
145,6402;-37,7902
144,3061;-38,153
151,72;-32,67
144,6916;-37,6755
170,038;-43,3756
146,153;-36,4447
173;-41,7936
150,9166666667;-30,5666666667
146,152028;-41,476479
144,7;-36,8
150,0169444444;-27,3805555556
149,066478;-35,410975
150,925117654;-33,347641988
142,2369;-34,2258
147,5211701725;-42,6144075224
140,9666;-36,85
145,2627;-38,1222
166,967;-45,3133
144,4323;-37,196
145,1291;-37,5311
151,505593138;-30,040474663
150,76193;-33,81186
143,7411;-35,6166
144,9369;-36,4586
144,7061;-37,8436
147,916667;-41,216667
146,1833;-36,6
153,1711913;-28,26256071
138,506111;-34,891944
169,38001;-44,048698
138,598056;-34,929722
145,4833;-36,8
173;-40,9832
150,602846655;-33,90008867
172,295005;-42,020184
145,75;-37,8667
147,4;-37,7
150,911138682;-33,56337303
150,95;-33,8
169,24;-44,2311
143,4703;-36,8188
171,886785;-42,063445
146,9816;-36,0136
151,504681072;-30,297614414
146,1667;-35,25
151,678132168;-32,825825389
147,1155;-38,1493
152,49604618;-29,188829634
147,3;-37,7
150,367847268;-34,83176407
148,394086642;-35,347326091
140,633333;-34,3
145,0786;-37,6525
148,3072;-37,4413
151,479093193;-33,117213862
151,12;-33,95
151,399492317;-33,307315582
144,9447;-37,6591
146,458;-38,1788
171,367;-42,1167
147,5363;-38,0708
150,807564678;-34,471480836
150,56778507;-29,515093811
150,534511509;-34,881763097
150,346917308;-34,567760474
145,1719;-38,1169
143,7652;-35,4166
152,963789352;-30,857995476
171,531;-42,8644
153,1987679;-27,67562961
144,7122;-37,8272
143,7413;-35,6275
172,402;-42,3789
144,75;-18,6833
144,8991;-36,1533
173,744;-35,2328
143,633;-38,0247
143,3538;-37,6738
144,9391;-37,6141
145,566667;-41,275
143,7;-37,7
151,46330103;-33,404621808
146,228674;-41,577901
151,5;-28,5
147,6925;-36,9461
146,28504;-41,579166
150,671388594;-33,807046964
144,8852;-37,7563
145,1266;-38,005
146,1833333333;-34,5
151,487562786;-33,248089862
143,4142;-36,9652
152,480176023;-30,039817766
146,1497;-36,4016
145,7688;-36,0411
146,7141;-38,0116
148,01235;-33,388355
144,1494;-37,8227
167,992;-46,37
167,811;-46,2707
169,349;-46,5982
150,682676632;-34,231918507
152,219673349;-28,848326758
146,333;-37,9583
148,2791;-37,4775
146,0544;-36,4486
143,8341;-37,6533
173,794814;-35,366228
146,2;-38,65
153,515834142;-28,175686982
144,6697;-37,7202
143,8306;-36,9694
144,1661;-37,1466
148,63289383;-34,802225621
141,5833;-38,25
145,3667;-37,8833
151,672398178;-32,295822184
144,1533;-37,6322
144,9925;-37,5436
143,7916;-36,1547
141,7255;-38,1787
146,4;-34,55
172,596;-40,8224
143,7042;-37,7958
151,673648162;-29,964010348
138,868056;-34,818611
143,8602;-36,451
169,960227;-43,444085
144,9167;-37,85
149,021036;-35,461155
146,05;-36,3
152,093955894;-28,472465977
146,8461;-36,0727
145,025;-37,9208333
147,15;-35,9667
146,6691;-37,9166
142,8061;-34,6169
151,117821268;-33,71508949
151,741;-24,516
146,78611111;-19,29083333
153,067083674;-29,503968647
145,9502;-38,4652
150,857476659;-33,442905909
145,0666;-37,7436
152,8399239372;-27,7379810565
146,3347;-38,3177
140,751389;-34,179444
151,469272731;-33,250571686
147,524413074;-30,76950277
149,2583333333;-21,2583333333
150,904983204;-33,802067362
148,7667;-37,5833
150,659503611;-34,911327802
149,994019264;-31,589407125
144,5019;-37,8494
145,3388;-37,4586
143,7461;-36,8772
144,905;-37,7169
147,0769;-38,1247
151,441080987;-33,258361062
149,291932907;-31,700211645
153,079154646;-29,476949282
150,87;-32,05
150,5833333333;-26,75
145,3022;-38,0297
146,65;-33,05
150,7434541493;-34,8146476423
150,201183041;-34,798431666
145,3779;-38,0798
151,1;-33,88
150,000739671;-33,119653363
150,805772555;-33,852791717
151,684003007;-32,853775926
146,1816;-38,6002
172,186353;-41,148202
167,32;-45,9775
145,7141;-38,628
150,909764314;-32,280236022
146,1438889;-36,6330556
151,034465348;-33,658099138
172,670826;-43,523574
150,25;-30,97
150,814794563;-33,809242576
143,8;-38,5
150,5833333333;-23,75
145,1252;-37,5622
145,6;-38,1
139,59942;-34,46824
145;-37,5
144,862;-37,8285
151,4332949109;-25,4323056443
148,952544;-35,244636
153,04221545;-29,54569361
146,490611111;-42,6885555556
153,35;-29,4
146,762139;-43,143583
145,616667;-41,266667
149,0706;-35,436254
151,671878;-32,996092
172,533706;-41,071509
145,2105;-37,8736
146,382780135;-34,610423453
146,4075;-38,3536
172,3833;-42,4667
143,7438;-37,8733
149,074452;-35,525086
144,8286;-37,7347
150,5;-23,3667
151,45;-29,45
148,25;-32,22
172,128978;-41,266416
145,1233;-37,583
150,1167;-36,2
144,8825;-38,4066
144,5875;-37,8158
148,3658;-37,8022
151,8780556;-25,4655556
152,874784516;-31,461997163
145,455;-38,0766
152,977634036;-30,654527025
151,779635622;-32,907841622
151,1260691876;-24,8900838992
148,814200536;-37,045966792
150,341705758;-30,971818665
143,425;-20,8083333333
145,7105;-37,2116
145,0073;-37,5298
139,24516;-34,94598
150,601124836;-30,365091746
152,3333;-27,55
146,9322;-36,0955
144,6091;-37,3086
144,7819;-37,8516
151,2667;-33,8667
144,901651011;-35,928201924
139,243889;-35,131111
143,8825;-37,4125
151,155933;-33,818854
143,8013;-37,2735
150,698225;-33,551694
145,1061;-37,4683
150,947665168;-30,05066844
152,3167;-27,5667
145,8;-37,7
151,3666666667;-30,4666666667
145,3847;-36,3861
144,9841;-37,5122
171,774068;-41,731315
146,8958;-36,1427
152,9166666667;-27,9166666667
149,312668245;-36,842667927
145,065377;-41,649773
145,388;-36,3538
150,600129767;-30,601655031
166,95;-45,7
150,535195444;-31,00068619
145,0833;-37,9417
144,2833;-35,95
166,805;-45,9513
169,9333;-43,7833
151,787155224;-30,415979326
148,9667;-37,2833
144,985;-37,6811
171,25;-42,3948
151,411255136;-33,33578549
172,523;-41,2523
146,3256;-36,3608
143,6833;-38,5833
149,963795689;-35,641789244
146,7083;-38,5147
144,7641;-37,9191
150,377750715;-30,99329897
149,5167;-22,3464
145,3116;-38,0733
145,5167;-37,9667
143,8344;-38,517
151,485170311;-30,020219046
171,913674;-41,608092
143,9621;-37,7527
144,7783;-37,6905
149,681530132;-30,254375835
171,6333333;-42,76666667
150,023363794;-30,536523816
151,25;-23,91666667
144,7458;-37,6066
143,8348;-37,2266
146,75;-25,75
149,891548483;-30,401415248
139,55;-20,6042
145,755764626;-35,954575263
147,0066;-36,058
144,75;-18,75
152,221253073;-28,519919794
150,268931652;-28,673011253
150,436803387;-35,326502141
172,621849;-41,136552
149,152733875;-35,706042964
144,842479142;-34,511970646
144,4787;-37,6864
149,292490766;-33,149152254
142,4472;-36,6711
153,215305627;-28,337989974
146,3652;-38,2344
149,270060229;-30,162929482
149,8083;-34,5083
173,477;-41,2523
147,0233;-36,1091
143,8797;-35,8019
140,56416;-34,33087
171,850619;-41,751925
150,755138098;-33,988550296
144,9813;-37,3261
153,097422835;-29,413154934
153,2093986373;-27,6734013111
147,444492899;-29,683301086
143,8;-37,2
151,206747166;-34,016628926
145,0827;-37,6741
150,764525126;-33,463437202
151,415483878;-33,134228718
138,568056;-34,908333
145,1413;-37,5844
148,9667;-37,2333
147,4166666667;-19,5833333333
151,286998427;-32,913103101
142,35;-36,6167
144,1;-38,1
151,043238;-33,824419
151,6;-30,433333
144,8541;-37,7652
149,511292571;-34,896990977
144,399167;-38,116944
152,925;-26,4916667
138,7525;-34,943611
148,5041;-37,7644
146,938;-38,2333
145,6865361;-35,91427665
150,878539555;-34,014654018
144,7383;-37,5338
148,9583;-37,75
152,2;-32,4
143,3731;-35,15
145,738577;-42,103161
145,0833;-37,8
144,9952;-37,8872
143,8147;-35,4469
150,055303545;-30,720314627
153,0093943145;-27,4900693506
150,316367437;-34,568236892
139,666667;-34,033333
151,5833333333;-30,4666666667
151,461165626;-33,069333225
134,655556;-33,190833
143,7846;-37,2623
150,688949172;-32,531988857
146,2;-41,383333
146,026659098;-34,471033037
146,927965148;-36,064596482
145,2113;-38,1352
145,08;-38,2922
144,9913;-36,4838
172,527;-40,7121
145,1936;-37,9844
151,1167;-24,8833
150,767999;-33,583272
145,2711;-37,7122
151,156858344;-29,369730786
145,4593;-38,1032
147,374994;-35,10498
143,9192;-37,8103
144,75;-18,6667
145,1269;-37,6333
173,9166667;-35,75
138,67834;-35,26937
144,9708;-37,4628
151,4722222222;-30,625
150,865433602;-33,845816294
166,861;-45,4096
150,054351804;-29,498417807
172,585686;-41,122901
143,75;-38,5333
144,9455;-37,5402
151,234486493;-33,781754984
145,376297;-41,653686
146,5667;-38,4333
151,024769297;-30,134615374
149,053698753;-36,339072179
147,527798025;-30,798074949
172,2333;-42,0167
146,175;-18,65833333
141,886066667;-34,112622222
141,293861061;-34,050748158
145,6097;-37,785
150,585794198;-31,473611428
150,703427;-33,966718
145,2678;-38,0322
144,58;-37,7135
150,185646381;-34,304133062
151,367284762;-33,342046856
141,2389;-36,775
145,5325;-37,6502
147,4;-37,9
139,1037;-35,524
145,8958;-36,1983
145,1419;-36,8227
143,5766;-38,3316
151,3858333333;-25,9872222222
144,7325;-37,7208
145,1225;-36,4444
152,97;-30,95
139,05182;-35,38975
150,854675036;-33,516419672
145,0011;-37,4377
136,133333;-34,366667
139,616667;-34,35
151,760271126;-30,516070665
145,043;-36,4469
145,2988;-37,715
152,05998699;-32,757530945
147,866667;-42,933333
151,052403113;-34,176222453
145,6616;-37,7005
150,045071509;-32,243564307
173,7;-41,4167
152,260166067;-29,34533487
139,11445;-35,60357
139,08601;-35,57376
151,283377483;-28,986195608
151,58725042;-30,294589312
149,335418007;-29,345892242
138,93274;-35,49263
149,7417;-34,8
146,8;-37,9
139,34193;-35,42
139,04442;-35,49918
147,55;-30,9
145,2472;-37,7775
138,88223;-35,53325
139,34665;-35,64353
150,88004;-33,75407
151,500823911;-29,470365175
147,409;-37,9817
151,6533611111;-27,8824166667
138,87196;-35,54574
151,692571626;-30,340591489
150,850477807;-33,664227612
149,8333333;-35,2083333
151,109426478;-27,3734170408
149,301150815;-29,335869374
139,02984;-35,49533
151,305814821;-33,531618742
171,574;-42,0877
139,25165;-35,56028
149,743511;-36,48906
139,33872;-35,68497
146,1356;-36,0031
173,16632;-41,33792
150,961236094;-33,943989953
145,1452;-36,4466
145,4983;-37,7063
152,530946159;-32,218030796
149,35494237;-29,261242421
143,95;-38,5167
145,2033;-37,9227
138,75;-34,85
151,285907201;-33,405998179
138,93023;-35,50348
149,567841075;-33,415104733
174,074127;-39,075942
147,2333;-42,8833
153,126057087;-26,9067363987
149,0167;-35,2667
139,32551;-35,69008
138,97226;-35,40894
144,735;-37,7063
139,22226;-35,64754
139,59852;-34,84821
144,902861;-40,861778
151,12;-33,82
145,2686;-36,4361
151,04409527;-33,877635696
147,853376444;-33,413841553
145,6341;-36,9061
139,25586;-35,49247
145,2172;-38,0747
150,537502689;-28,660372659
145,5147;-35,8222
145,238;-36,4633
140,933333;-33,95
141,7602777778;-38,1986111111
145,0783;-37,5211
145,446014;-41,651048
151,264901749;-33,717407353
150,850201944;-33,806779678
148,9133;-34,8358
145,0919;-37,7522
152,989325048;-29,47012213
145,1086;-36,3677
152,360575878;-29,628571565
146,6739;-36,3178
145,0752;-37,7661
151,604734511;-33,147360446
148,57271377;-34,642828579
149,57;-33,42
145,165;-36,091
139,60599;-34,53389
149,394526001;-29,260556875
151,172493447;-28,87592789
145,6202;-36,88
142,2667;-34,3
144,5541;-37,675
138,881944;-34,825833
151,9166666667;-28,75
146,9;-37,9
150,697367;-33,720087
140,6;-34,283333
144,6513;-37,7294
150,807777035;-28,931481169
144,4269;-38,1286
145,2158763955;-23,6484522318
146,291199473;-34,920868577
139,303333;-34,915556
150,044810251;-35,928990642
146,347788559;-34,482187168
151,412364357;-32,590467142
146,5025;-38,2427
150,784950653;-33,527815724
150,205295621;-35,814682944
146,1883;-38,2714
145,793674;-41,554344
166,834;-45,6822
145,8602;-37,5727
150,168268214;-32,447944101
147,25;-36,3167
151,016362615;-34,18646483
146,386970333;-34,633890902
151,767483925;-29,105641782
146,5613;-36,3269
144,35;-38,17
152,156009251;-32,643550521
151,189589035;-32,54236148
144,5669;-37,8183
151,6417;-30,4833
145,2422;-36,4183
174,010216;-39,079318
149,853364741;-36,637167653
147,491414108;-30,845725783
151,024624171;-33,710822164
145,366667;-41,05
151,298269307;-32,917179927
146,2543;-37,9018
145,1166;-36,3994
147,85;-43,1
147,541843207;-30,840318159
138,83123;-35,40727
151,472564046;-33,181975339
146,8;-19,2667
149,291895958;-29,233162216
149,629379588;-36,758582483
145,0663;-37,87
147,4697;-36,5325
145,6205;-37,7183
151,606097555;-29,018142309
139,566667;-34,7
150,745;-28,5930555556
146,2889;-36,3367
145,3;-36,2
146,05;-41,166667
152,2460818332;-27,6159088008
151,210830159;-30,664314204
146,642504;-42,658006
150,715567555;-34,054801459
149,5102;-37,3972
145,1433;-36,4088
139,1702;-35,50668
149,701491703;-36,738942057
152,5833333333;-25,25
146,1;-36
151,889982281;-29,198419231
143,5667;-38,5667
145,4286;-36,2761
150,723332539;-28,649538208
145,1;-36
152,521808537;-32,342493604
138,54986;-35,37016
145,1722;-37,7352
138,79112;-35,50669
146,42;-36,6591666667
151,427219553;-33,306570778
146,675;-38,4852
149,634701871;-24,1659161605
150,860407;-33,76212
150,722873034;-34,001293543
144,2952;-38,215
146,1775;-36,6571
150,019932445;-36,077237343
152,537416763;-32,047768124
148,9;-37,2833
150,090647277;-36,131768673
146,19177938;-34,623735579
144,9163;-37,6208
144,2872;-36,7852
138,540833;-35,011389
139,35;-35,016667
167,425;-44,9003
167,316666;-45,016666
147,0174;-38,081
144,5159;-37,3046
151,722588744;-32,807012868
146,37;-33,3
151,501932711;-29,048143037
150,734166508;-28,799537737
150,40750491;-28,64092918
145,0983;-36,7988
153,0833333333;-27,5833333333
151,08;-33,75
150,697836311;-33,88811389
146,2597;-38,115
150,923229985;-34,325929555
144,8491;-37,5525
147,2667;-42,9167
146,4902;-38,2544
138,716667;-34,883333
145,7316;-36,0919
151,647094651;-32,81790002
145,3513;-36,2934
146,6186;-37,5736
144,6594;-37,6402
147,238115339;-33,925465089
151,669156353;-30,498688468
145,2486;-38,0143
145,55;-35,8816
151,593579148;-28,99784058
150,601176792;-34,865095921
173,884394;-39,497655
143,8625;-37,4243
151,414934479;-33,257758987
150,961440787;-33,962622104
151,32865688;-32,786875459
151,634738321;-32,753731828
151,48432703;-32,779055334
148,9167;-37,2833
139,04638;-35,50098
151,817761047;-29,156475021
143,3667;-38,7
145,24;-36,3797
144,3167;-37,7333
141,3167;-37,0333
147,2911;-38,2102
153,4244444444;-28,1786111111
147,429880624;-35,105915136
145,0541;-37,2052
151,182493709;-32,52772834
149,0525;-28,8792
147;-38
152,4166666667;-27,5833333333
145,5833333333;-17,4166666667
144,95;-37,7833333
145,6919;-36,0872
150,805830719;-28,59120444
145,4869;-38,0811
149,777635031;-34,717213171
149,224325951;-31,747560156
145,6111;-37,7055
150,709702519;-33,648171987
151,668599348;-30,333132873
145,35;-37,6667
144,2261635576;-23,1401257889
145,1813;-38,068
144,5186;-37,7922
138,229167;-35,504444
149,6336111111;-24,1675
150,797791756;-33,729048868
150,83899231;-33,949857423
152,9977777778;-30,4422222222
138,80672;-35,47742
150,858173;-33,680041
151,270937248;-29,964624018
150,966939673;-28,73953622
150,979529485;-31,903634333
146,968;-37,9718
149;-37,6
146,5833;-36,35
151,119440647;-29,299257066
139,23209;-35,32044
151,388334723;-29,584420077
150,856160919;-33,597691928
149,034723608;-28,955771694
142,1158;-34,1747
149,5505555556;-25,4819444444
149,980988195;-36,137893279
151,909511471;-32,711527076
144,9861;-36,2733
146,8621;-37,9755
150,065369;-36,417633
146,1;-36,6
145,586;-38,604
141,268;-36,665
145,7763889;-38,4175
146,674167;-43,098333
151,57478612;-33,133835254
144,8605;-36,35
144,0713;-37,848
150,77294891;-34,036229149
145,158;-36,4927
147,487223303;-30,958605206
151,1916666667;-25,6083333333
152,58;-27,58
143,7981;-37,5884
145,9167;-38,6667
145,482;-35,8422
146,715;-36,0713
167,462;-45,856
148,783333;-37,4
150,738430303;-33,879182445
145,543863806;-35,698729879
147,6669;-37,9983
151,632142479;-30,515944127
146,575057685;-34,762744308
145,8347;-37,8316
152,017757262;-29,048418668
146,25;-26,42
153,296790155;-28,660365473
148,75028585;-25,52342911
147,581779038;-30,700150714
148,74916667;-25,525
145,3625;-36,3455
144,8225;-36,353
151,654535;-32,749291
147,701283466;-31,550055661
144,6;-37,45
152,943161;-29,705397
151,727616;-32,427258
147,50076639;-30,988326234
144,0902;-37,6825
151,27027778;-27,39138889
138,79962;-35,52627
145,8138;-37,6494
149,261;-35,02
151,12;-33,97
151,07;-33,97
144,1488;-37,7761
145,3827;-37,6641
152,479272835;-28,811319429
152,5667;-27,65
153,05;-27,4
150,108910313;-34,399380016
144,4652;-37,7988
145,2194;-36,3133
151,1113888889;-25,4425
146,4055;-38,2794
151,101156591;-33,848422839
148,305399737;-29,826852665
152,5833333333;-27,5833333333
142,3739;-37,5333
139,00025;-35,39598
146,3313;-39,0208
145,4;-35,8
145,9741;-36,0041
153,38984276;-29,054170783
144,2233;-37,6116
150,840827655;-34,602705294
145,3472;-36,26
143,9447;-37,5113
145,5361;-37,163
144,0594;-37,63
144,9022;-36,5467
145,3172;-38,1188
148,917868778;-34,848442841
144,0561;-37,823
152,92;-29,65
151,286000176;-33,307787485
144,2322;-37,7527
145,7755;-38,0858
150,799585016;-34,056787117
138,99002;-35,48977
147,494277964;-30,948649615
144,9333;-35,5167
152,614809236;-28,849286659
144,1138;-37,7283
149,283793811;-37,066571731
150,502006436;-35,094619417
144,1044;-37,5505
151,561754;-33,252329
152,5083333333;-27,6583333333
148,816667;-37,233333
145,1966;-36,4619
151,1166666667;-31,35
143,9636;-37,4975
149,467802246;-29,13176706
138,54104;-35,36985
172,603935;-43,537774
147,142042336;-30,051567261
144,669143666667;-37,4637718055556
149,592753175;-22,540093849
150,835307871;-31,767006467
145,9611;-36,2691
145,6988;-38,643
144,7261;-37,8755
150,701990224;-34,056555737
138,6;-35,0666667
145,5805;-38,3713
150,717813311;-32,315091187
146,368423884;-34,633796237
147,150945024957;-41,4292170498971
146,0167;-34,2
144,6177;-37,9161
144,6261;-37,8245
147,374202582;-35,056980322
150,441497379;-34,502514096
149,234537445;-35,348441214
144,35;-38,1667
145,1036;-36,4794
144,5167;-37,65
150,717833754;-34,11509463
148,684714036;-33,837739145
151;-34,23
146,861050997883;-42,6586324338608
173,248;-41,4531
144,0777;-37,8863
146,3194;-36,1558
144,3911;-36,0963
145,603;-38,3897
144,0297;-38,2972
144,2866;-36,7161
143,9122;-37,6058
144,3144;-37,6533
149,401190818;-34,9817722952
145,818;-35,9844
145,3602;-38,0425
139,35258;-35,58586
144,8263;-36,515
153,1167;-27,4
149,4167;-35,1833
149,7311111111;-25,3013888889
146,666796;-42,678792
150,8820577;-34,39580728
153,1260609812;-27,4067360172
143,9219;-37,6097
151,367927682;-29,186690386
145,1483;-38,0933
138,76061;-35,45474
147,548517133;-30,754484742
146,26494323;-36,008948511
148,844719726;-33,742285401
151,99161;-27,58225
153,297501112;-29,422024444
150,136415062;-33,672276279
140,741667;-34,174167
143,7822;-36,0366
150,406695887;-34,48647969
144,0969;-37,7925
146,3847;-36,0486
151,4083333333;-26,325
146,97;-37,87
145,4695;-36,079
145,8333;-37,4833
145,9;-36
145,4969;-37,8461
144,015;-37,8219
144,4506;-37,6586
144,8;-36,4
145,1319;-37,9463
144,953191244;-35,95214213
149,99455288;-32,547981273
146,7167;-42,6833
144,0827;-37,773
147,582899155;-30,712778422
146,760833;-41,700035
143,64;-38,3555
141,5;-34,2167
139,379167;-35,221389
145,5327;-38,47
146,4167;-36,35
144,6938;-37,8858
151,422210504;-29,885912203
147,974316;-33,4064
149,205385;-36,342526
140,366944;-34,225833
137,57;-33,02
144,3983;-37,6638
147,02694008;-35,542226882
149,45;-36,5833
145,3852;-37,6869
146,9;-41,216667
146,595972222;-42,74025
138,571111;-34,836111
144,0702;-37,6127
148,45;-37,7
151,890275007;-30,035260321
151,725025761;-30,675378882
145,5013;-37,8447
150,279715;-34,57587001
145,96088;-34,255493
146,5333;-38,4667
138,71008;-34,8373
149,193646059;-35,36788296
138,7425;-35,028056
149,084218;-35,455551
151,985;-28,5172222222
151,1072222;-34,025
144,0891;-37,6097
152,706838741;-27,735275362
151,825;-28,675
140,9833;-33,9833
151,233717271;-32,627318472
142,9167;-35,1833
143,9802;-37,7447
166,785;-45,9636
144,8369;-37,705
138,583333;-33,45
143,9436;-37,4972
150,584250031;-31,863136872
149,9977777778;-24,4291666667
168,660433;-45,037686
143,933;-37,6272
151,439912441;-33,158688863
143,9583;-37,5077
152,701030238;-31,642416234
144,1913;-37,585
145,4041;-36,2441
148,446334654;-29,723510349
144,168;-37,5719
141,917967283;-34,115167206
145,1394;-37,9091
144,0805;-35,8202
150,637411;-33,935656
143,9766;-37,628
144,1877;-37,7441
140,533333;-34,4
173,942742;-39,120439
152,0833333333;-25,25
147,524444;-42,793306
144,8733;-36,4289
145,761111111;-37,89
143,6063;-38,4766
145,5561;-38,4433
138,7525;-35,005
144,2591;-37,6238
145,78;-37,5934
152,9166666667;-28,25
143,85;-38,2833
144,0016;-37,5369
150,034882405;-33,384252972
166,608049;-45,734109
152,673340004;-31,877563342
144,1872;-37,6305
170,265;-43,2888
144,3;-36,3667
146,023828;-41,399801
147,850171;-35,690363
149,8139;-34,7547
143,7155;-37,5897
138,894722;-35,221944
145,3667;-38,5333
152,92;-27,42
151,138121879;-32,89106082
149,31630539;-36,891454143
145,5794;-38,0696
144,9466;-37,5419
146,367151771;-34,513851947
144,9;-36,5
152,9166666667;-27,4166666667
145,2297;-37,9333
145,8166;-38,64
151,453928802;-32,651418274
144,2217;-37,4975
150,886971681;-33,725134432
144,0263;-35,5855
145,2802;-36,6494
153,2833;-29,0333
147,583538123;-30,734427693
147,713597402;-30,877245877
145,0611;-36,3488
139,24162;-35,55235
145,4514;-36,1411
144,0325;-37,6522
149,902966347;-36,74561683
149,859206684;-36,688979849
147,3;-36,4
138,85354;-35,21568
145,1341;-38,0833
147,3055;-36,4521
146,809789713;-33,01828417
147,362157604;-35,682027433
145,1688;-36,3183
145,3667;-37,8667
172,021;-42,8696
145,1336;-37,7961
144,0116;-37,7441
143,47;-35,12
145,2641;-37,9961
147,1;-36,3
153,1333;-29,5167
151,415357713;-30,47988796
144,0286;-38,2911
146,043740838;-34,40533788
145,2644;-36,2313
151,532043069;-32,437767838
144,4494;-37,7236
145,133333;-40,85
146,637341627;-34,762945856
144,4613;-37,6416
153,313660176;-28,832786333
147,162783596;-33,090674658
144,9013;-36,5066
150,63996359;-34,194077052
152,497882171;-32,062837524
152,4;-31,2
145,2205;-36,6872
143,8591;-37,7827
148,754692236;-26,3235743097
148,101217907;-35,06511361
144,1519;-37,5925
145,2497;-36,2347
149,1388;-37,7469
150,590657635;-31,440633316
170,542;-43,1174
145,515;-38,2175
147,548153939;-30,941665142
147,595576829;-30,653613623
147,583123044;-30,665400562
139,32003;-35,4012
144,7086;-36,1266
147,1183;-36,3628
141,7888;-38,2355
146,3613;-38,2677
141,1294;-38,1127
147,85;-37,5333
150,055702939;-35,911032612
146,3847;-38,1713
145,2386;-36,6227
149,8667;-36,55
139,12683;-35,37764
140,77922;-34,0774
145,945451726;-34,261145814
152,922400697;-30,663321109
148,2341;-32,141747222
149,920174651;-36,777726789
144,0511;-38,2961
145,3833;-37,8833
153,25;-27,9166666667
144,5113;-38,035
146,282805;-41,455751
144,1;-35,8566
147;-37,8167
144,0519;-38,2783
144,4141;-37,7447
144,7891;-36,355
143,9402;-35,7052
143,9061;-35,7316
146,288062;-41,522439
145,4208;-37,658
148,8001944926;-26,4622005662
145,3011;-36,6211
146,304305926;-34,60368861
150,3534936;-29,015303194
151,636543328;-32,96475718
139,33193;-35,36146
150,305555556;-33,728055556
144,0275;-37,7516
143,9836;-37,7036
146,300253552;-29,13106559
151,0833333333;-26,75
145,0722;-37,6039
151,134916335;-31,422358641
144,4605;-37,5897
145,5305;-38,578
167,529963;-45,040141
147,587016433;-30,705086066
146,4;-36,1
153,052571846;-29,397265854
145,8216;-36,2452
146,1849;-36,059
152,126885083;-32,443819907
145,0691;-38,2727
147,121646411;-35,686375469
145,4969;-38,5416
151,24444444;-25,67222222
138,74753;-34,99498
144,7386;-37,6536
144,0683;-37,733
151,285910603;-33,675545361
147,2667;-37,1667
150,856023617;-31,193400085
145,8202;-36,8075
138,68693;-34,77429
148,16104135;-32,381497629
173,868817;-35,942341
148,929315982;-33,981263529
144,12;-38,2888
143,9711;-38,2494
146,7;-36
153,117744091;-29,765076971
143,807;-35,8902
146,4935;-36,1064
141,8036;-38,2527
150,644367;-33,82627
147,358151587;-35,092189769
144,9469;-38,3575
173,583;-35,6167
151,009222352;-31,14018821
145,2666;-36,4052
143,8527;-37,0686
147,287466479;-33,138274433
150,718038256;-31,645745481
139,20913;-35,67358
144,119128923;-35,630732302
145,6894;-36,8822
147,991759885;-32,006970139
151,701381597;-32,883948805
150,981034043;-32,5013862
150,010893733;-30,588135621
145,2869;-38,1316
146,539029;-38,446139
148,846331105;-33,090322032
138,818;-35,22148
145,3197;-37,6959
145,2702;-36,2619
151,0833333333;-31,1
145,2458;-37,6719
140,891944;-34
152,543671768;-32,220784913
144,1935;-36,7458
144,0427;-38,2238
147,5833;-35,9833
150,921605413;-31,587953384
138,872;-35,16362
150,360224592;-29,125064489
146,2417;-36,676
144,3322;-37,5833
138,6621819;-35,25541971
138,49684438;-35,36298978
140,571111;-34,456667
152,958333333;-27,825
145,0172;-36,37
151,388498041;-32,69429078
138,63379706;-35,42128887
144,3392;-37,6408
150,776640828;-33,622887455
138,72342939;-35,44855998
138,63089694;-35,39975601
144,3105;-37,605
141,8446;-38,1986
145,0225;-36,3766
139,18279606;-35,12386596
150,470918752;-34,745367999
150,799647;-33,438649
147,600327553;-30,577794373
146,75;-43,1
145,195;-36,3925
149,129341723;-33,234389216
145,3383;-36,5058
145,4667;-35,8333
150,8333;-23,5
143,7388;-36,1227
145,8833;-37,55
144,022837604;-34,293360263
145,25;-37,4167
138,75379912;-35,46075826
146,78;-38,0022
138,68523221;-35,22925256
150,972583887;-33,439997236
145,755;-38,627
145,0436;-36,3838
144,4588;-37,7483
144,4191;-37,7
145,7;-38,6
144,333;-38,0908
151,3;-33,72
152,87729694;-31,024386151
144,3036;-37,4811
138,68747122;-35,41592283
143,7347;-36,1261
151,426609516;-32,744195977
146,418;-36,415
144,271994661;-35,354876012
148,18329;-25,36979
139,1887691;-35,12611892
152,207996382;-32,441866372
150,959228368;-32,390588367
146,2601;-36,0914
146,1167;-36,0167
145,3163;-36,8213
151,824174609;-32,673566253
147,2;-43,083333
150,973253357;-33,718692861
151,404068954;-32,712970551
146,000092;-38,281776
145,1891;-38,2758
144,5066;-37,6169
146,7038;-38,1616
153,05;-28,8667
144,3347;-37,6011
138,64201486;-35,46863029
144,3938;-37,6669
138,7068742;-35,42982439
141,8;-38,1
144,5027;-37,685
143,8808;-37,6255
145,1608;-36,1855
149,334224296;-31,581720305
144,4241;-37,7855
143,4458;-38,5577
144,4313;-37,7952
152,513897588;-32,08540885
147,233333;-42,933333
146,9;-36,2
151,07;-34,13
139,10451651;-35,11523291
147,0791;-38,1308
144,3452;-37,8033
145,6297;-38,2622
144,4286;-37,6163
149,9167;-35,6167
146,580585038;-34,750138683
144,8683;-36,3122
144,018559963;-34,351324087
145,3336;-38,0872
150,970512979;-33,544907988
144,4472;-37,8455
144,3208;-37,8288
145,3722;-38,2069
149,995496157;-33,091696056
145,0288;-38,3002
150,955102907;-33,741701061
150,943908163;-32,401318911
144,2325;-37,5458
145,742558574;-34,537873597
145,3469;-36,5488
144,998;-36,3605
144,328;-37,8386
150,0833333333;-27,25
146,3869;-38,2491
144,2625;-37,5638
145,1218;-36,8903
139,07737621;-35,11136612
152,208247763;-32,422356919
146,2464405;-35,11642183
148,29131;-25,38374
146,9957;-36,2098
139,54155;-34,72751
140,35;-34,1833
148,324724308;-34,846454351
146,769603;-41,261389
145,1294;-38,1261
152,3167;-31,2
143,6477;-35,4316
147,740209722;-30,868975735
150,919887537;-33,522949014
144,338;-37,5666
145,143;-37,7733
139,15144909;-35,11813676
150,678638339;-32,388954636
149,520886904;-34,845575814
138,45127;-35,31728
143,4283;-38,5263
146,847964501;-34,911281138
145,3358;-37,9969
144,3977;-37,7916
146,913922;-41,357971
150,399652636;-35,526250986
172,336791;-41,838776
151,446489696;-33,421934056
151,157851137;-32,532882207
143,7675;-36,9961
145,2013;-35,8483
147,519691768;-30,710786922
147,0081;-37,8723
145,368;-35,8841
145,1177;-36,0097
147,618853456;-30,947662267
150,567840725;-34,565095503
145,268;-35,8816
142,9291;-35,24
147,544659942;-30,600598071
146,2347;-36,1316
145,0316;-37,6347
145,0347;-35,8483
150,939899594;-33,242706719
145,5341;-37,7633
147,584952732;-30,622530842
145,1658;-36,0113
151,116455435;-32,670032738
144,8347;-36,0983
147,6263;-37,8444
143,8597;-35,8066
145,693;-35,9233
143,9347;-35,715
151,405470064;-33,053635005
150,882533569;-34,419098941
147,1405;-38,1447
141,5791;-34,2011
145,0294;-37,6227
147,4263;-38,0677
149,5667;-36,3
146,218;-36,0483
144,1847;-35,7316
149,3667;-36,6
145,0847;-35,8316
145,3597;-36,3816
145,943;-35,9983
148,096970221;-35,107780004
150,254509762;-33,004182689
145,4513;-35,8233
144,9847;-35,915
145,0013;-35,9816
143,8513;-35,4483
152,723394132;-31,308957256
145,5847;-36,7483
144,88;-36,2863
144,6719;-36,4427
143,918;-35,4983
144,8405;-37,8483
142,8291;-36,5594
149,9;-35,6333
145,4347;-35,8483
150,87815;-34,486762
142,5081;-37,1844
145,103;-37,5211
147,016667;-42,733333
145,1944;-36,0122
150,841241532;-34,183061267
150,924033396;-33,497680034
143,8013;-35,9316
148,223749;-41,84148
145,6513;-35,9233
144,6605;-36,4358
145,3363;-38,2241
144,8513;-36,0816
152,5992;-29,17366
149,3833333333;-36,6
145,5513;-35,815
143,968;-35,5316
141,958;-37,738
167,859;-45,7319
149,87;-35,55
145,3052;-37,9605
145,2538;-38,4591
145,6925;-36,1316
149,7775;-29,436666667
143,7513;-36,115
148,8167;-37,65
167,623233;-45,846127
146,5497;-38,1761
150,620972;-35,004827
147,007;-37,8977
143,7;-38,6333
145,2777;-36,5563
149,6;-36,5667
149,899597819;-30,03762685
139,31322;-35,14883
143,8763;-35,6844
171,544;-42,3244
171,085;-42,6154
142,9952;-35,9955
143,5286;-35,8372
145,2763;-37,7066
149,341625183;-29,239391496
145,5752;-38,1788
147,4097;-37,715
145,1869;-36,2138
145,6133;-36,8677
148,8667;-37,3667
152,67;-29,52
145,1047;-38,2997
145,2869;-36,5219
143,7944;-35,983
148,688861;-37,417833
144,3;-36,7358
145,5363;-38,585
145,1902;-38,0119
149,945945323;-30,045452485
147,7347;-37,7316
145,1686;-38,1275
142,9472;-36,5219
145,233;-36,193
153,201075015;-29,465077569
143,9144;-37,9555
145,0377;-36,4422
150,783857891;-33,740685511
145,4511;-38,0843
147,9513;-37,5983
149,156527215;-29,242758588
169,914;-45,8038
145,2052;-36,4358
150,597114019;-30,109692988
146,768;-37,9152
144,7866;-36,163
144,7583;-37,7375
143,8;-35,8719
145,1944;-38,3266
145,0961;-38,2819
145,5913889;-37,9833333
149,942588951;-30,08545272
151,603376363;-32,760171909
143,335353766;-35,030531585
147,885825;-42,745193
151,751628135;-32,801487106
153,3705555555;-28,2269444444
147,525049897;-30,639479921
144,7747;-37,5752
149,95;-35,55
148,85;-37,1833
145,5055;-38,0894
145,223;-36,3352
144,9761;-35,9788
145,2111;-37,6166
150,944619604;-31,840549785
144,7988;-36,2055
145,0219;-38,2661
141,682243472;-34,098971341
123,16666667;-33,85
145,6191;-37,793
138,68622;-34,85025
151,688801108;-32,918965608
141,6191;-38,2011
145,2203;-37,5738
145,7347;-38,048
149,9;-35,55
145,4958;-37,643
147,316667;-42,866667
142,303226238;-34,313624025
151,454320142;-33,365279692
123,3333;-33,75
123,55;-33,7
147,570574078;-30,572514003
153,113522531;-29,030426296
145,6902;-38,3033
148,6;-37,416667
151,228225032;-32,560909751
145,0808;-36,5061
143,6479;-37,6893
150,3667;-33,5167
143,8333;-37,9339
145,5819;-38,6194
145,2667;-37,5
150,918302837;-30,930985804
145,3716;-38,0366
123,53333333;-33,7
143,548;-38,4341
145,935;-38,3347
149,977672009;-34,727902494
147,881416;-43,122542
172,466899;-43,645231
149,9;-35,4333
144,5916;-37,675
150,721290777;-33,839536946
145,2488;-38,1238
144,818;-37,7655
143,4691;-35,2183
143,4667;-38,65
141,66;-38,2416
143,6897;-37,6349
138,928056;-35,548889
151,693994741;-33,000655236
138,47016;-34,6563
143,9394;-35,8563
142,6555;-36,9094
143,2327;-37,4004
153,3994444444;-28,2033333333
146,4097;-38,6363
144,8663;-36,3808
145,2619;-36,7838
146,1516;-38,0708
153,014444939;-29,22723478
150,819563614;-33,62851862
142,52;-37,9508
145,1352;-37,683
172,887;-40,9436
152,975;-27,5416667
153,074221462;-29,755106642
143,86225;-34,4497
145,637111;-19,941333
145,1097;-37,838
144,9963;-37,785
123,03333333;-33,85
144,5958;-37,9261
128,89166667;-31,71638889
143,5836;-38,7041
153,0850141668;-27,461809834
147,639469691;-34,078099155
150,70126703;-33,536121119
146,3167;-37,8833
147,316667;-42,9
148,8333;-37,6167
140,97236;-37,54382
145,2662;-37,521
140,71877;-37,10285
148,479907816;-31,296640857
171,517708;-42,412511
141,593611111;-34,186961111
142,408941667;-34,5654
145,1388;-37,0372
149,25;-37,55
170,627;-42,9779
147,457626897;-33,68577343
173,433;-35,5778
144,096261111;-35,573883333
142,246027778;-34,261547222
123,6375;-33,7025
144,0633;-37,115
147,275538;-42,610502
140,69767;-37,12375
144,439697222;-35,931997222
151,359264494;-32,580766666
147,570933;-41,160217
147,353760486;-33,611677594
142,3;-38,3
147,838891;-42,707724
149,608295727;-33,591858019
123,47833333;-33,45305556
150,446713728;-31,427580811
150,179031874;-33,807270006
123,51666667;-33,75
123,43852043;-33,45468204
147,3667;-37,7
146,033509;-41,14947
145,4758;-36,8705
147,8167;-42,75
145,2847;-37,9441
138,59;-35,609167
172,866667;-41,033333
142,504605556;-34,704188889
148,417882947;-32,423520421
150,698645;-33,70622
147,819972;-42,754689
143,38765;-35,144122222
146,2464;-36,4706
144,2008;-37,0727
149,018387607;-29,21069694
150,806733;-33,986714
151,374353345;-32,691997656
146,418;-38,915
146,384722;-37,924722
144,218;-37,065
145,6638;-37,2066
145,5188;-37,5272
172,634;-40,6431
150,648721331;-33,865673212
149,75;-37,5538
145,8513;-37,0802
145,46039;-19,3634
149,8344;-37,5233
146,077854;-41,216491
149;-37,5833
145,8111;-37,2663
144,0925;-37,9005
142,3628;-36,8269
151,479978903;-30,504946879
144,2783;-36,9686
144,7552;-37,6625
149,97;-35,55
145,6097;-36,0983
171,3833;-42,3333
172,883;-41,4667
151,122130238;-29,970778487
147,385617088;-32,514130394
147,945;-37,8608
145,097827;-41,156733
142,2;-38,3
144,761997222;-35,436625
147,264677;-42,923918
145,568;-37,8233
145,318;-37,8983
149,903216602;-30,513892106
150,4106277;-28,77023589
153,385;-28,2136111111
145,5061;-37,8163
145,4636;-36,2772
149,018500091;-34,96904416
173,714;-41,3859
146,3638;-38,8769
168,998;-44,1546
140,6563;-37,15006
147,006309388;-35,530724492
144,9167;-37,8167
151,414461894;-32,534670662
173,4;-41,2833
143,214866667;-34,729886111
150,389328138;-34,555155829
152,7333;-28,5167
144,4097;-38,0069
151,525907448;-32,869014509
144,1347;-37,8486
145,2058;-37,8069
148,4847;-37,7983
145,3069;-37,8275
123,75;-33,13333333
144,04565155;-35,549081527
150,4667;-23,3667
144,2763;-37,0483
152,2;-30,6167
148,5358871;-32,1879896
172,117;-42,3
147,167222;-43,284167
145,3319;-36,3486
145,5305;-36,0913
146,2167;-36,4167
141,7743;-38,1364
153,168232992;-29,08165474
143,6227;-38,3719
144,1861;-37,108
145,2483;-37,9597
145,175;-41,1
145,5041;-36,1372
152,0760550187;-24,9900821456
139,94308;-34,13642
145,308;-38,5163
145,0763;-38,2194
144,913412564;-35,818803364
143,4725;-38,69
150,744854525;-33,753592002
145,882141667;-35,954183333
145,8;-37,8167
146,9658;-38,5122
139,4809;-34,87277
143,8852;-37,6813
145,303808333;-35,859338889
139,52206;-34,87508
148,4219;-36,9138
143,6886;-38,4747
145,4963;-36,138
139,44831;-34,85412
143,5822;-38,7033
145,0638;-37,5719
169,383;-45,8667
139,38773;-35,32604
146,3333;-36,3333
146,7;-42,6667
148,6461;-37,7467
142,8;-37,8916
150,371122236;-31,043661834
147,883333;-43,05
139,26055;-35,11099
152,531650448;-28,503298466
149,6333;-35,5
149,787729669;-29,871783707
150,47;-34,65
150,811617911;-29,859847125
148,8833;-35,45
149,907478607;-31,003465208
150,046023;-36,50209
153,171873724;-29,083689965
150,582906492;-34,825121844
139,27226;-34,95128
151,49065857;-32,792539246
171,533333;-42,7
144,165;-35,7061
143,7492;-37,662
139,29502;-35,48069
172,514;-42,3327
146,590205556;-35,973625
142,46;-36,8122
149,5167;-35,65
140,941667;-37,6625
144,355;-37,4072
144,5855;-37,655
139,96323;-37,24169
143,713;-37,4447
139,94692;-34,08211
146,383333;-41,616667
145,1;-41,066667
145,2258;-38,5141
150,591942948;-34,813469915
139,9736;-34,17131
150,25571854;-34,224087152
143,5452;-38,763
142,5594;-38,3752
172,8333;-41,8167
145,3138;-36,3058
152,917924144;-29,556360787
150,409104253;-31,111176259
173,650381;-35,634159
144,9;-37,1
151,576318371;-32,75533052
123,79166667;-33,63416667
166,87;-45,6084
143,9;-38,2
144,0511;-38,1158
148,8333;-35,3833
144,1844;-36,1594
143,045;-37,9994
145,3063;-36,2913
147,323056;-43,083889
152,3594151665;-27,5234088008
144,8055;-36,1633
167,950016;-44,721577
143,5167;-38,75
148,4;-36,9
145,1588;-36,365
146,3167;-42,8
139,61011;-34,6843
147,767922579;-33,310305553
149,8667;-35,9833
123,1314;-33,7106
144,8066;-37,6777
144,9708;-37,1471
150,176903475;-33,343725091
139,95747;-37,2473
150,858223288;-32,329822255
150,847577542;-31,136333703
145,635746;-41,821883
145,2953;-38,1439
143,7322;-37,4963
171,5667;-42,8
152,979295555;-28,406054766
169,983;-45,9
143,7828;-37,6482
145,4541;-38,5311
144,999847222;-35,856291667
145,155;-38,1891
148,020457;-41,24809
144,398116667;-35,691038889
150,76459279;-33,627176233
151,5;-26,5
140,37221;-34,29653
146,591358455;-34,761456356
172,6;-41,8
148,4;-36,8
145,1033;-38,2147
146,849868601;-35,475620498
153,120693979;-28,783521379
140,82962;-34,04811
123,11666667;-33,71666667
153,1833;-27,9333
152,6833;-27,9
146,2854;-36,6038
146,625461111;-35,992108333
138,495;-35,078333
145,8;-36,1
146,2992;-41,555
144,2;-37,5
143,7816;-37,5805
150,784498563;-34,06509369
152,3667;-27,6167
171,467;-41,95
140,37972;-34,33972
145,8357;-36,2905
168,569;-44,1222
145,0167;-41,1333
146,623443094;-34,874279998
151,503214728;-32,79199552
144,966444444;-35,938188889
145,3438;-36,2036
149,570493573;-31,87965103
149,710634804;-29,856659212
169,285;-43,9372
149,3667;-36,5833
148,6833;-33,8333
151,2;-33,8833
139,3062;-35,09161
148,9667;-37,5722
145,3786;-36,5152
123,41666667;-33,5
147,567285477;-33,592086347
140,83863;-34,04119
151,2333;-32,7167
145,0833;-35,9
145,8263;-36,1741
145,05;-41,166667
143,7738;-37,5361
149,624022369;-31,866608285
148,404562806;-36,838406429
145,411825;-35,846213889
144;-38,1
170,806;-42,9031
145,3138;-37,9377
152,942002465;-30,944512561
152,769808515;-31,093635953
150,908309741;-32,178708849
146,6;-42,8
153,117577303;-29,602353523
153,082516505;-29,615854486
150,033384766;-33,479090671
152,874786781;-29,588853936
152,997685216;-29,665707711
153,087586367;-29,54228699
153,062302948;-29,632372464
145,65;-35,9167
152,963539981;-30,964037802
143,4813;-36,0108
153,000061966;-29,605383902
152,864271288;-31,062739557
153,1711931;-29,56331553
153,134959041;-29,455216527
153,120076612;-29,541341031
153,025005922;-29,657582807
152,908991456;-30,9804603
138,458611;-35,149444
153,03548058;-30,920446487
147,794636286155;-42,673071144361
147,917989923909;-42,7622034076265
152,84487268;-31,041405037
153,027947568;-29,495787663
152,733522278;-31,073832619
153,033222603;-30,958615684
152,988762331;-29,615590863
153,009517482;-29,775306907
145,9667;-28,1167
146,866667;-43,466667
153,086533067;-29,626393271
169,449639;-46,430889
152,927882739;-30,98261976
146,3667;-38,9667
143,55;-38,75
152,93976663;-31,037360633
145,669539352376;-42,1727824577042
144,5599;-37,9801
152,792628425;-31,082034912
167,383;-45,9897
152,859676402;-30,943781689
152,961842312;-31,020098674
153,015136389;-31,000757662
145,556662137774;-41,8111626007317
153,282928234;-29,468747861
152,80767731;-31,084999761
144,794546048643;-41,2136246427283
143,7333;-38,6333
143,8369;-37,5125
143,4;-38,3
153,260677033;-29,442818475
143,5844;-38,2922
145,499634538459;-41,675331025052
141,8219;-38,0405
147,433333;-42,483333
151,584269732;-33,027234641
153,261777022;-29,377165802
153,071013109;-29,67879309
145,1969;-37,7833
147,06455;-41,348977
171,95262;-41,836647
143,8425;-35,7483
152,951347132;-29,71086008
152,897148142;-31,047439643
147,8611;-37,7066
144,4611;-35,9575
144,780316;-41,206893
146,216667;-41,383333
153,0116126426;-26,5759030654
152,808761631;-31,004145023
145,3111;-37,8463
152,999131883;-29,674236412
152,933523451;-31,049114748
143,8552;-36,0775
149,7;-36,7666667
150,5833333333;-24,4166666667
153,026803639;-29,734602028
153,006634822;-29,673117142
153,100875234;-29,495698198
144,4;-37
145,4166666667;-16,9166666667
151,292468039;-33,425384331
149,722949946;-34,769009379
174,033;-39,1
152,890210129;-29,687511896
150,784493471;-33,706759803
142,2762;-38,3588
151,117777342;-29,765089384
152,832488545;-30,974040419
153,130607791;-29,544128917
153,127388739;-29,627335041
147,956555740968;-41,2758144962036
148,935463134;-31,375585041
144,553;-36,8777
150,6505555556;-31,5088888889
142,0352;-36,7772
146,1872;-38,7452
172,034;-41,6212
148,2156;-41,728982
144,4705;-38,0388
152,58333333;-28,08333333
146,462893210999;-41,4136502927312
147,9167;-43,0167
147,797527;-43,099745
149,8;-34,8167
146,883333;-43,183333
153,059182799;-29,419007817
145,6627;-38,3563
146,939551828892;-43,4862580201433
147,896246056302;-41,2312613566548
153,095638605;-29,434194411
139,63735;-34,30165
153,035818115;-29,551570911
153,210247628;-29,479017928
145,379542204428;-41,6737002001296
153,19701001;-29,434407957
153,144325345;-29,406018422
145,1513;-36,2547
151,098082605;-32,455494023
168,3;-46,5608
153,245268839;-29,441430769
148,266381000794;-41,8582834641306
146,849698;-41,73081
143,8097;-37,5386
152,91666667;-27,25
147,537565099212;-41,1434156548644
151,333881176;-33,402382115
152,912069506;-29,653512771
152,588304342;-30,927077795
145,3072;-36,1038
145,971411734;-35,32720595
152,872928484;-29,580305337
145,6588;-38,0622
146,85;-43,4
144,5655;-36,2011
153,177335361;-29,521827592
143,8877;-37,5158
145,1955;-36,3655
145,928207129348;-41,1847225737367
151,475296996;-33,364634713
145,0125;-37,7938
145,325;-37,6605
143,573;-38,6591
152,916163644;-30,958403274
144,9;-36,1
144,4166666667;-22,5833333333
144,4893;-36,9174
173,928;-39,3582
171,939;-41,5951
153,040784877;-30,91551818
146,3083;-38,2844
172,049104;-41,796878
147,419556544364;-41,3240627034034
146,462149551599;-41,5037215129712
139,10801;-34,63913
143,915;-35,8911
144,008;-35,5725
143,9205;-36,1
153,129759107;-29,614968334
145,85;-34,2
169,35;-46,5333
152,999473817;-29,503290617
150,920412;-34,364035
144,3592;-36,9905
145,1752;-37,6883
138,468611;-35,11
145,766667;-16,916667
143,4253;-38,3421
144,4203;-37,0988
143,993;-36,1052
152,851156122;-31,084506873
153,127998512;-29,463725269
152,991288076;-31,079765123
145,4263;-36,4233
152,915193647;-29,624444961
144,5;-37
148,26460824866;-41,7682358618625
143,9805;-35,933
147,5833;-38,05
144,0277;-35,9566
145,3527;-37,6804
150,8;-33,6
144,3;-36,9
144,4685;-37,0023
147,307819475996;-42,9455751809122
146,887472;-42,704333
152,904346779;-29,570512286
144,6086;-37,853
153,293359909;-29,394970326
143,8333;-35,5
147,8;-37,7
153,10673893;-29,676025515
146,700955929903;-41,6847361654087
172,492677;-41,952788
142,2483;-38,3698
167,547;-45,7867
151,4416666667;-24,8916666667
152,922338543;-29,588204355
146,820861044983;-41,7750564810768
150,37779064;-28,58703232
149,799573357;-36,836599829
151,21782122;-33,865088326
151,75;-25,75
144,5;-36,8
173,870319;-35,257391
144,8461;-36,1441
153,222309397;-29,376578584
144,908005199099;-41,3958821543112
150,45;-23,4333
146,046118514981;-41,2758366865246
152,7227777777;-26,8913888888
146,047426848827;-41,1857704088619
153,466966;-28,200176
145,6201;-36,8151
146,1833;-38,3667
145,5884;-36,761
142,812;-38,1272
148,968997208;-35,219973624
147,062480787147;-42,7658656407132
143,6683;-37,49
146,67069226646;-41,7287882841295
144,4;-36,9
144,5096;-37,0671
147,0063;-35,9269
153,2240833333;-28,1706111111
146,3041;-38,215
143,9685;-37,8395
148,259338178979;-41,4980841932779
146,221446593853;-41,5924167587232
169,498;-44,1709
151,735878556;-28,128449201
142,8;-38,1
153,13746047;-29,695789095
169,345;-46,445
150,766208952;-30,720976939
149,1667;-37,5167
147,787846711218;-42,1327608023275
144,898;-37,5741
142,3945;-38,3181
152,93735432;-29,835028019
149,459962548;-36,71444215
146,821111103179;-41,6849859953832
153,296449339;-29,252630392
151,525129781;-32,968580863
147,907547119762;-42,0418122738685
144,2647;-36,4233
145,1375;-36,2366
145,3227;-36,1491
146,341422464723;-41,5931666285016
149,951712747;-29,47080733
150,56011066;-34,148877119
